{"training_full_non_seizure_mse":0.12305900454521179,"testing_full_non_seizure_mse":0.12984734773635864,"mse loss":0.7804308533668518,"testing_full_dataset_mse":0.12954431772232056,"testing_full_seizure_mse":0.12925612926483154,"iteration":149,"lr":1.5e-05,"training_full_dataset_mse":0.12307696789503098,"epoch":2,"_timestamp":1.7482938791193469e+09,"training_full_seizure_mse":0.12309514731168747,"_runtime":1482.4573366,"_wandb":{"runtime":1783},"_step":157}