{"_wandb":{"runtime":14155},"epoch":49,"lr":0,"training_full_non_seizure_mse":0.07615473866462708,"testing_full_non_seizure_mse":0.07227858155965805,"testing_full_dataset_mse":0.07211597263813019,"_step":3551,"_timestamp":1.7479535923107219e+09,"training_full_seizure_mse":0.07596825808286667,"_runtime":13701.0598135,"iteration":3499,"mse loss":0.5158171057701111,"testing_full_seizure_mse":0.07196134328842163,"training_full_dataset_mse":0.07606208324432373}