{"_wandb":{"runtime":913},"epoch":4,"iteration":174,"mse loss":0.6305414438247681,"lr":5.8682408883346535e-06,"_timestamp":1.7478836626570482e+09,"_runtime":55.2087063,"_step":174}