{"training_full_non_seizure_mse":0.10102235525846481,"_step":377,"epoch":9,"_wandb":{"runtime":12233},"_timestamp":1.7482893768026693e+09,"iteration":349,"training_full_dataset_mse":0.10107704252004623,"testing_full_dataset_mse":0.105828195810318,"testing_full_non_seizure_mse":0.10548458248376846,"mse loss":0.5956445932388306,"lr":3.5e-05,"training_full_seizure_mse":0.10113240778446198,"testing_full_seizure_mse":0.10615495592355728,"_runtime":12230.5615388}