{"training_full_non_seizure_mse":0.10565050691366196,"testing_full_non_seizure_mse":0.1045326516032219,"_wandb":{"runtime":74247},"mse loss":0.5222628116607666,"training_full_seizure_mse":0.10590760409832001,"testing_full_seizure_mse":0.10419223457574844,"_step":2533,"iteration":2349,"testing_full_dataset_mse":0.10435816645622253,"lr":8.126186854142752e-05,"_timestamp":1.7480492862841277e+09,"epoch":67,"_runtime":73346.8408458,"training_full_dataset_mse":0.10577824711799622}