{"training_full_seizure_mse":0.04324447363615036,"_wandb":{"runtime":16760},"mse loss":0.6113752722740173,"training_full_non_seizure_mse":0.043288905173540115,"lr":0,"testing_full_dataset_mse":0.04157380014657974,"testing_full_non_seizure_mse":0.04138588160276413,"testing_full_seizure_mse":0.04175249859690666,"iteration":349,"_runtime":12770.1801064,"_step":357,"epoch":9,"training_full_dataset_mse":0.04326682910323143,"_timestamp":1.7479018234206483e+09}