{"_runtime":7.5996369,"_step":49,"epoch":0,"_wandb":{"runtime":8},"iteration":49,"mse loss":1.3370916843414307,"lr":5e-06,"_timestamp":1.747966946176786e+09}