{"_step":999,"epoch":7,"iteration":999,"mse loss":0.5327759981155396,"_wandb":{"runtime":331},"lr":0.0001,"_timestamp":1.7482956727358463e+09,"_runtime":179.3940675}