{"_wandb":{"runtime":237},"lr":5e-06,"_timestamp":1.7482920866369581e+09,"_runtime":12.0556182,"_step":49,"epoch":1,"iteration":49,"mse loss":0.953658938407898}