{"epoch":7,"iteration":536,"mse loss":0.5554229617118835,"lr":5.3700000000000004e-05,"_timestamp":1.7482972301163976e+09,"_runtime":750.7700911,"_step":536,"_wandb":{"runtime":751}}