{"training_full_dataset_mse":0.028397781774401665,"testing_full_dataset_mse":0.028563223779201508,"testing_full_non_seizure_mse":0.02860976941883564,"epoch":14,"training_full_seizure_mse":0.02835543267428875,"testing_full_seizure_mse":0.028518959879875183,"mse loss":0.5532071590423584,"training_full_non_seizure_mse":0.028439601883292198,"_wandb":{"runtime":10505},"_runtime":9436.1567269,"_step":515,"iteration":499,"lr":5e-05,"_timestamp":1.7479658343089607e+09}