{"epoch":4,"iteration":174,"mse loss":0.7222082018852234,"lr":9.944949883422409e-06,"_wandb":{"runtime":97},"_timestamp":1.7479278306041715e+09,"_runtime":54.1924955,"_step":174}