{"epoch":4,"iteration":174,"mse loss":0.6288277506828308,"lr":5.8682408883346535e-06,"_wandb":{"runtime":254},"_timestamp":1.7478827242351456e+09,"_runtime":58.1053816,"_step":174}