{"mse loss":0.7400406002998352,"lr":5.8682408883346535e-06,"_timestamp":1.7478772384496763e+09,"_runtime":68.6321914,"_step":174,"epoch":4,"iteration":174,"_wandb":{"runtime":5469}}