{"_timestamp":1.7479555950836446e+09,"_runtime":1493.9599257,"_step":922,"avg_prediction_mse":0.045816510915756226,"iteration":874,"training_seizure_mse":0.04561103135347366,"_wandb":{"runtime":1494},"mse loss":0.530770480632782,"lr":8.75e-05,"testing_non_seizure_mse":0.0475885309278965,"training_non_seizure_mse":0.046049393713474274,"epoch":24,"signal diff":3002.630859375,"testing_seizure_mse":0.04620567336678505}