{"_step":49,"epoch":0,"iteration":49,"mse loss":0.8582220077514648,"lr":5e-06,"_wandb":{"runtime":350},"_timestamp":1.7479671348290317e+09,"_runtime":7.1360415}