{"_wandb":{"runtime":269},"_step":186,"epoch":2,"iteration":186,"mse loss":0.5524051785469055,"lr":1.87e-05,"_timestamp":1.7482975127084067e+09,"_runtime":267.3237252}