{"lr":5e-06,"_timestamp":1.74796706268249e+09,"_wandb":{"runtime":7},"_runtime":7.6106957,"_step":49,"epoch":0,"iteration":49,"mse loss":1.333363652229309}