{"mse loss":1.0401699542999268,"lr":5e-06,"_timestamp":1.7479675074093525e+09,"_wandb":{"runtime":122},"_runtime":19.5732774,"_step":49,"epoch":0,"iteration":49}