{"mse loss":0.8546503782272339,"_timestamp":1.747969510397408e+09,"testing_full_seizure_mse":0.14126704633235931,"testing_full_non_seizure_mse":0.14146706461906433,"lr":1e-05,"_runtime":1890.672448,"training_full_dataset_mse":0.13811707496643066,"iteration":99,"testing_full_dataset_mse":0.14136454463005066,"_step":103,"training_full_seizure_mse":0.13814717531204224,"training_full_non_seizure_mse":0.13808736205101013,"epoch":2,"_wandb":{"runtime":3643}}