{"iteration":49,"mse loss":1.1403757333755493,"lr":5e-06,"_timestamp":1.7482923515811362e+09,"_runtime":29.059436,"_wandb":{"runtime":60},"_step":49,"epoch":1}