{"_timestamp":1.7482964582388363e+09,"_runtime":528.7673944,"_step":441,"epoch":6,"_wandb":{"runtime":530},"iteration":441,"mse loss":0.5593376159667969,"lr":4.4200000000000004e-05}