{"epoch":10,"testing_full_non_seizure_mse":0.03980042412877083,"lr":9.829629131445342e-05,"_runtime":1760.5677223,"testing_full_seizure_mse":0.03967052698135376,"iteration":749,"training_full_non_seizure_mse":0.03968137130141258,"_step":753,"mse loss":0.5389862060546875,"training_full_dataset_mse":0.0397186204791069,"training_full_seizure_mse":0.03975633904337883,"_wandb":{"runtime":2091},"testing_full_dataset_mse":0.03973384574055672,"_timestamp":1.7479391171847363e+09}