{"_runtime":18.1729161,"_step":49,"epoch":1,"iteration":49,"mse loss":0.878112256526947,"lr":5e-06,"_timestamp":1.747972688576251e+09,"_wandb":{"runtime":2584}}