{"_wandb":{"runtime":8734},"iteration":349,"_timestamp":1.747936615339802e+09,"_step":353,"testing_full_dataset_mse":0.10557746142148972,"testing_full_non_seizure_mse":0.10554707050323486,"lr":1.9535287878313315e-05,"training_full_dataset_mse":0.10307563096284866,"training_full_non_seizure_mse":0.10316631942987442,"mse loss":0.6028714179992676,"_runtime":8724.016786,"epoch":9,"training_full_seizure_mse":0.10298380255699158,"testing_full_seizure_mse":0.10560636222362518}